{"schemaVersion":"1.0","appDefinitionTemplate":{"id":"/providers/Microsoft.PowerApps/apps/","type":"Microsoft.PowerApps/apps","tags":{"primaryDeviceWidth":"1366","primaryDeviceHeight":"768","supportsPortrait":"true","supportsLandscape":"true","primaryFormFactor":"Tablet","publisherVersion":"3.23055.18","minimumRequiredApiVersion":"2.2.0","hasComponent":"false","hasUnlockedComponent":"false","isUnifiedRootApp":"false","sienaVersion":"20230616T000050Z-3.23055.18.0"},"properties":{"appVersion":"2023-06-16T00:00:50Z","lifeCycleId":"Published","createdByClientVersion":{"major":3,"minor":23055,"build":18,"revision":0,"majorRevision":0,"minorRevision":0},"minClientVersion":{"major":3,"minor":23055,"build":18,"revision":0,"majorRevision":0,"minorRevision":0},"backgroundColor":"rgba(39, 113, 194, 1)","backgroundImageUri":"/8998825838566518406/Ndcc559f4-9445-4d56-b750-86eb5dd39ec0-logoSmallFile","displayName":"Sudoku Game","description":"","commitMessage":"","appUris":{"documentUri":{"value":"/8998825838566518406/Ndd73ab52-60bc-42a9-9ccc-196116a7ecbd-document.msapp"},"imageUris":[],"additionalUris":[]},"createdTime":"0001-01-01T00:00:00Z","lastModifiedTime":"0001-01-01T00:00:00Z","sharedGroupsCount":0,"sharedUsersCount":0,"connectionReferences":{"54be107f-dfec-4036-8d7d-b82fa79a4176":{"id":"5ae3d7df-34bf-4bdf-a70b-bb2cabf22876","displayName":"Shadify (Independent Publisher)","iconUri":"https://connectoricons-prod.azureedge.net/releases/v1.0.1631/1.0.1631.3268/shadifyip/icon.png","dataSources":["Shadify(IndependentPublisher)"],"dependencies":[],"dependents":[],"parameterHints":{},"parameterHintsV2":{},"isOnPremiseConnection":false,"bypassConsent":false,"dataSets":{},"apiTier":"Premium","isCustomApiConnection":false,"actions":["SudokuGet","SudokuCheck"]}},"databaseReferences":{},"almMode":"Environment","performanceOptimizationEnabled":true,"canConsumeAppPass":true,"enableModernRuntimeMode":false,"executionRestrictions":{"isTeamsOnly":false,"dataLossPreventionEvaluationResult":{"status":"Compliant","lastEvaluationDate":"2023-04-21T20:14:40.5914363Z","violations":[],"violationsByPolicy":[],"violationErrorMessage":"The app uses the following connectors: ."}}},"appType":"ClassicCanvasApp","appComponents":[]}}