{
  "properties": {
    "connectionReferences": {
      "shared_office365": {
        "runtimeSource": "invoker",
        "connection": {
          "connectionReferenceLogicalName": "new_sharedoffice365_24f0c"
        },
        "api": {
          "name": "shared_office365"
        }
      }
    },
    "definition": {
      "$schema": "https://schema.management.azure.com/providers/Microsoft.Logic/schemas/2016-06-01/workflowdefinition.json#",
      "contentVersion": "1.0.0.0",
      "parameters": {
        "$connections": {
          "defaultValue": {},
          "type": "Object"
        },
        "$authentication": {
          "defaultValue": {},
          "type": "SecureObject"
        }
      },
      "triggers": {
        "manual": {
          "metadata": {
            "operationMetadataId": "b84ecad6-efbb-410b-a594-3252c5f0067b"
          },
          "type": "Request",
          "kind": "PowerApp",
          "inputs": {
            "schema": {
              "type": "object",
              "properties": {
                "Sendanemail(V2)_To": {
                  "type": "string",
                  "format": "email",
                  "description": "Specify email addresses separated by semicolons like someone@contoso.com",
                  "x-ms-powerflows-param-ispartial": false
                },
                "Sendanemail(V2)_Subject": {
                  "type": "string",
                  "description": "Specify the subject of the mail",
                  "x-ms-powerflows-param-ispartial": false
                },
                "Sendanemail(V2)_Body": {
                  "type": "string",
                  "format": "html",
                  "description": "Specify the body of the mail. This parameter is used as part of \"0488CB4C-8984-4577-B878-85EF8F44375F\"",
                  "x-ms-powerflows-param-ispartial": true
                },
                "Sendanemail(V2)_Body_1": {
                  "type": "string"
                },
                "Sendanemail(V2)_Body_2": {
                  "type": "string"
                },
                "Sendanemail(V2)_Body_3": {
                  "type": "string"
                }
              },
              "required": [
                "Sendanemail(V2)_To",
                "Sendanemail(V2)_Subject",
                "Sendanemail(V2)_Body",
                "Sendanemail(V2)_Body_1",
                "Sendanemail(V2)_Body_2",
                "Sendanemail(V2)_Body_3"
              ]
            }
          }
        }
      },
      "actions": {
        "Send_an_email_(V2)": {
          "runAfter": {},
          "metadata": {
            "operationMetadataId": "7c91c20d-a2e4-4eda-b150-b1c7617d14cc"
          },
          "type": "OpenApiConnection",
          "inputs": {
            "host": {
              "connectionName": "shared_office365",
              "operationId": "SendEmailV2",
              "apiId": "/providers/Microsoft.PowerApps/apis/shared_office365"
            },
            "parameters": {
              "emailMessage/To": "@triggerBody()['Sendanemail(V2)_To']",
              "emailMessage/Subject": "@triggerBody()['Sendanemail(V2)_Subject']",
              "emailMessage/Body": "<p><span style=\"font-size: 14px\"><strong>A meeting with the following details booked for you :<br>\n</strong></span><br>\n<strong>Meeting Title :</strong> @{triggerBody()['Sendanemail(V2)_Body']}<br>\n<br>\n<strong>Start Time : </strong><strong>@{triggerBody()['Sendanemail(V2)_Body_1']}</strong><strong></strong><br>\n<strong><br>\nEnd Time : </strong><strong>@{triggerBody()['Sendanemail(V2)_Body_2']}</strong><strong></strong><br>\n<br>\n<strong>Location : </strong><strong>@{triggerBody()['Sendanemail(V2)_Body_3']}</strong><strong></strong></p>"
            },
            "authentication": {
              "type": "Raw",
              "value": "@json(decodeBase64(triggerOutputs().headers['X-MS-APIM-Tokens']))['$ConnectionKey']"
            }
          }
        }
      },
      "outputs": {}
    },
    "templateName": "0253862642354d9187425cfc8b3bdda2"
  },
  "schemaVersion": "1.0.0.0"
}