<ImportExportXml version="9.2.23053.250" SolutionPackageVersion="9.2" languagecode="1033" generatedBy="CrmLive" xmlns:xsi="http://www.w3.org/2001/XMLSchema-instance">
  <SolutionManifest>
    <UniqueName>CKTemplate</UniqueName>
    <LocalizedNames>
      <LocalizedName description="CK Template" languagecode="1033" />
    </LocalizedNames>
    <Descriptions />
    <Version>1.0.0.3</Version>
    <Managed>0</Managed>
    <Publisher>
      <UniqueName>ArashAghajani</UniqueName>
      <LocalizedNames>
        <LocalizedName description="Arash Aghajani" languagecode="1033" />
      </LocalizedNames>
      <Descriptions />
      <EMailAddress xsi:nil="true"></EMailAddress>
      <SupportingWebsiteUrl xsi:nil="true"></SupportingWebsiteUrl>
      <CustomizationPrefix>aa</CustomizationPrefix>
      <CustomizationOptionValuePrefix>12080</CustomizationOptionValuePrefix>
      <Addresses>
        <Address>
          <AddressNumber>1</AddressNumber>
          <AddressTypeCode>1</AddressTypeCode>
          <City xsi:nil="true"></City>
          <County xsi:nil="true"></County>
          <Country xsi:nil="true"></Country>
          <Fax xsi:nil="true"></Fax>
          <FreightTermsCode xsi:nil="true"></FreightTermsCode>
          <ImportSequenceNumber xsi:nil="true"></ImportSequenceNumber>
          <Latitude xsi:nil="true"></Latitude>
          <Line1 xsi:nil="true"></Line1>
          <Line2 xsi:nil="true"></Line2>
          <Line3 xsi:nil="true"></Line3>
          <Longitude xsi:nil="true"></Longitude>
          <Name xsi:nil="true"></Name>
          <PostalCode xsi:nil="true"></PostalCode>
          <PostOfficeBox xsi:nil="true"></PostOfficeBox>
          <PrimaryContactName xsi:nil="true"></PrimaryContactName>
          <ShippingMethodCode>1</ShippingMethodCode>
          <StateOrProvince xsi:nil="true"></StateOrProvince>
          <Telephone1 xsi:nil="true"></Telephone1>
          <Telephone2 xsi:nil="true"></Telephone2>
          <Telephone3 xsi:nil="true"></Telephone3>
          <TimeZoneRuleVersionNumber xsi:nil="true"></TimeZoneRuleVersionNumber>
          <UPSZone xsi:nil="true"></UPSZone>
          <UTCOffset xsi:nil="true"></UTCOffset>
          <UTCConversionTimeZoneCode xsi:nil="true"></UTCConversionTimeZoneCode>
        </Address>
        <Address>
          <AddressNumber>2</AddressNumber>
          <AddressTypeCode>1</AddressTypeCode>
          <City xsi:nil="true"></City>
          <County xsi:nil="true"></County>
          <Country xsi:nil="true"></Country>
          <Fax xsi:nil="true"></Fax>
          <FreightTermsCode xsi:nil="true"></FreightTermsCode>
          <ImportSequenceNumber xsi:nil="true"></ImportSequenceNumber>
          <Latitude xsi:nil="true"></Latitude>
          <Line1 xsi:nil="true"></Line1>
          <Line2 xsi:nil="true"></Line2>
          <Line3 xsi:nil="true"></Line3>
          <Longitude xsi:nil="true"></Longitude>
          <Name xsi:nil="true"></Name>
          <PostalCode xsi:nil="true"></PostalCode>
          <PostOfficeBox xsi:nil="true"></PostOfficeBox>
          <PrimaryContactName xsi:nil="true"></PrimaryContactName>
          <ShippingMethodCode>1</ShippingMethodCode>
          <StateOrProvince xsi:nil="true"></StateOrProvince>
          <Telephone1 xsi:nil="true"></Telephone1>
          <Telephone2 xsi:nil="true"></Telephone2>
          <Telephone3 xsi:nil="true"></Telephone3>
          <TimeZoneRuleVersionNumber xsi:nil="true"></TimeZoneRuleVersionNumber>
          <UPSZone xsi:nil="true"></UPSZone>
          <UTCOffset xsi:nil="true"></UTCOffset>
          <UTCConversionTimeZoneCode xsi:nil="true"></UTCConversionTimeZoneCode>
        </Address>
      </Addresses>
    </Publisher>
    <RootComponents>
      <RootComponent type="1" schemaName="cr9ef_tbl_meeting" behavior="0" />
      <RootComponent type="29" id="{0ce02e7c-e0a5-ed11-aad1-000d3a8ffac9}" behavior="0" />
      <RootComponent type="300" schemaName="aa_canvastemplateapp_26dd4" behavior="0" />
    </RootComponents>
    <MissingDependencies>
      <MissingDependency>
        <Required type="1" schemaName="aaduser" displayName="AAD User" solution="MetadataExtension (1.0.2.52)" />
        <Dependent type="10" schemaName="cr9ef_cr9ef_tbl_meeting_Attendees_aaduser" displayName="cr9ef_cr9ef_tbl_meeting_Attendees_aaduser" parentSchemaName="aaduser" parentDisplayName="AAD User" />
      </MissingDependency>
      <MissingDependency>
        <Required type="1" schemaName="aaduser" displayName="AAD User" solution="MetadataExtension (1.0.2.52)" />
        <Dependent type="300" schemaName="aa_canvastemplateapp_26dd4" displayName="CanvasTemplateApp" />
      </MissingDependency>
      <MissingDependency>
        <Required type="1" schemaName="aaduser" displayName="AAD User" solution="MetadataExtension (1.0.2.52)" />
        <Dependent type="60" displayName="Information" parentDisplayName="TBL_Meeting" id="{54345bba-5805-4582-97d5-9225be1d1108}" />
      </MissingDependency>
      <MissingDependency>
        <Required type="2" schemaName="aaduserid" displayName="AAD user id" parentSchemaName="aaduser" parentDisplayName="AAD User" solution="MetadataExtension (1.0.2.52)" />
        <Dependent type="10" schemaName="cr9ef_cr9ef_tbl_meeting_Attendees_aaduser" displayName="cr9ef_cr9ef_tbl_meeting_Attendees_aaduser" parentSchemaName="aaduser" parentDisplayName="AAD User" />
      </MissingDependency>
      <MissingDependency>
        <Required type="2" schemaName="displayname" displayName="Display Name" parentSchemaName="aaduser" parentDisplayName="AAD User" solution="MetadataExtension (1.0.2.52)" />
        <Dependent type="10" schemaName="cr9ef_cr9ef_tbl_meeting_Attendees_aaduser" displayName="cr9ef_cr9ef_tbl_meeting_Attendees_aaduser" parentSchemaName="aaduser" parentDisplayName="AAD User" />
      </MissingDependency>
      <MissingDependency>
        <Required type="26" schemaName="All AAD users" displayName="All AAD users" parentSchemaName="aaduser" parentDisplayName="AAD User" solution="MetadataExtension (1.0.2.52)" id="{1f1810e2-2903-402f-92bc-db11ec075c24}" />
        <Dependent type="60" displayName="Information" parentDisplayName="TBL_Meeting" id="{54345bba-5805-4582-97d5-9225be1d1108}" />
      </MissingDependency>
      <MissingDependency>
        <Required type="66" schemaName="asn_asn.ReactMaterialCalendarTimeComp" displayName="asn_asn.ReactMaterialCalendarTimeComp" solution="PowerAppsTools_asn (1.1)" />
        <Dependent type="300" schemaName="aa_canvastemplateapp_26dd4" displayName="CanvasTemplateApp" />
      </MissingDependency>
      <MissingDependency>
        <Required type="66" schemaName="cat_PowerCAT.Breadcrumb" displayName="cat_PowerCAT.Breadcrumb" solution="CreatorKitCore (1.0.20221205.2)" />
        <Dependent type="300" schemaName="aa_canvastemplateapp_26dd4" displayName="CanvasTemplateApp" />
      </MissingDependency>
      <MissingDependency>
        <Required type="66" schemaName="cat_PowerCAT.Calendar" displayName="cat_PowerCAT.Calendar" solution="CreatorKitCore (1.0.20221205.2)" />
        <Dependent type="300" schemaName="aa_canvastemplateapp_26dd4" displayName="CanvasTemplateApp" />
      </MissingDependency>
      <MissingDependency>
        <Required type="66" schemaName="cat_PowerCAT.CommandBar" displayName="cat_PowerCAT.CommandBar" solution="CreatorKitCore (1.0.20221205.2)" />
        <Dependent type="300" schemaName="aa_canvastemplateapp_26dd4" displayName="CanvasTemplateApp" />
      </MissingDependency>
      <MissingDependency>
        <Required type="66" schemaName="cat_PowerCAT.ContextMenu" displayName="cat_PowerCAT.ContextMenu" solution="CreatorKitCore (1.0.20221205.2)" />
        <Dependent type="300" schemaName="aa_canvastemplateapp_26dd4" displayName="CanvasTemplateApp" />
      </MissingDependency>
      <MissingDependency>
        <Required type="66" schemaName="cat_PowerCAT.Elevation" displayName="cat_PowerCAT.Elevation" solution="CreatorKitCore (1.0.20221205.2)" />
        <Dependent type="300" schemaName="aa_canvastemplateapp_26dd4" displayName="CanvasTemplateApp" />
      </MissingDependency>
      <MissingDependency>
        <Required type="66" schemaName="cat_PowerCAT.Facepile" displayName="cat_PowerCAT.Facepile" solution="CreatorKitCore (1.0.20221205.2)" />
        <Dependent type="300" schemaName="aa_canvastemplateapp_26dd4" displayName="CanvasTemplateApp" />
      </MissingDependency>
      <MissingDependency>
        <Required type="66" schemaName="cat_PowerCAT.FluentDetailsList" displayName="cat_PowerCAT.FluentDetailsList" solution="CreatorKitCore (1.0.20221205.2)" />
        <Dependent type="300" schemaName="aa_canvastemplateapp_26dd4" displayName="CanvasTemplateApp" />
      </MissingDependency>
      <MissingDependency>
        <Required type="66" schemaName="cat_PowerCAT.Icon" displayName="cat_PowerCAT.Icon" solution="CreatorKitCore (1.0.20221205.2)" />
        <Dependent type="300" schemaName="aa_canvastemplateapp_26dd4" displayName="CanvasTemplateApp" />
      </MissingDependency>
      <MissingDependency>
        <Required type="66" schemaName="cat_PowerCAT.Nav" displayName="cat_PowerCAT.Nav" solution="CreatorKitCore (1.0.20221205.2)" />
        <Dependent type="300" schemaName="aa_canvastemplateapp_26dd4" displayName="CanvasTemplateApp" />
      </MissingDependency>
      <MissingDependency>
        <Required type="66" schemaName="cat_PowerCAT.PeoplePicker" displayName="cat_PowerCAT.PeoplePicker" solution="CreatorKitCore (1.0.20221205.2)" />
        <Dependent type="300" schemaName="aa_canvastemplateapp_26dd4" displayName="CanvasTemplateApp" />
      </MissingDependency>
      <MissingDependency>
        <Required type="66" schemaName="cat_PowerCAT.Persona" displayName="cat_PowerCAT.Persona" solution="CreatorKitCore (1.0.20221205.2)" />
        <Dependent type="300" schemaName="aa_canvastemplateapp_26dd4" displayName="CanvasTemplateApp" />
      </MissingDependency>
      <MissingDependency>
        <Required type="66" schemaName="cat_PowerCAT.Picker" displayName="cat_PowerCAT.Picker" solution="CreatorKitCore (1.0.20221205.2)" />
        <Dependent type="300" schemaName="aa_canvastemplateapp_26dd4" displayName="CanvasTemplateApp" />
      </MissingDependency>
      <MissingDependency>
        <Required type="66" schemaName="cat_PowerCAT.Pivot" displayName="cat_PowerCAT.Pivot" solution="CreatorKitCore (1.0.20221205.2)" />
        <Dependent type="300" schemaName="aa_canvastemplateapp_26dd4" displayName="CanvasTemplateApp" />
      </MissingDependency>
      <MissingDependency>
        <Required type="66" schemaName="cat_PowerCAT.ProgressIndicator" displayName="cat_PowerCAT.ProgressIndicator" solution="CreatorKitCore (1.0.20221205.2)" />
        <Dependent type="300" schemaName="aa_canvastemplateapp_26dd4" displayName="CanvasTemplateApp" />
      </MissingDependency>
      <MissingDependency>
        <Required type="66" schemaName="cat_PowerCAT.SearchBox" displayName="cat_PowerCAT.SearchBox" solution="CreatorKitCore (1.0.20221205.2)" />
        <Dependent type="300" schemaName="aa_canvastemplateapp_26dd4" displayName="CanvasTemplateApp" />
      </MissingDependency>
      <MissingDependency>
        <Required type="66" schemaName="cat_PowerCAT.Shimmer" displayName="cat_PowerCAT.Shimmer" solution="CreatorKitCore (1.0.20221205.2)" />
        <Dependent type="300" schemaName="aa_canvastemplateapp_26dd4" displayName="CanvasTemplateApp" />
      </MissingDependency>
      <MissingDependency>
        <Required type="66" schemaName="cat_PowerCAT.Spinner" displayName="cat_PowerCAT.Spinner" solution="CreatorKitCore (1.0.20221205.2)" />
        <Dependent type="300" schemaName="aa_canvastemplateapp_26dd4" displayName="CanvasTemplateApp" />
      </MissingDependency>
      <MissingDependency>
        <Required type="66" schemaName="MscrmControls.Grid.GridControl" displayName="MscrmControls.Grid.GridControl" solution="BaseCustomControlsCore (9.0.2305.3022)" />
        <Dependent type="60" displayName="Information" parentDisplayName="TBL_Meeting" id="{54345bba-5805-4582-97d5-9225be1d1108}" />
      </MissingDependency>
      <MissingDependency>
        <Required type="connectionreference" displayName="new_sharedoffice365_24f0c" solution="Active" id.connectionreferencelogicalname="new_sharedoffice365_24f0c" />
        <Dependent type="29" displayName="Send Notification email" id="{0ce02e7c-e0a5-ed11-aad1-000d3a8ffac9}" />
      </MissingDependency>
    </MissingDependencies>
  </SolutionManifest>
</ImportExportXml>