{"schemaVersion":"1.0","appDefinitionTemplate":{"id":"/providers/Microsoft.PowerApps/apps/","type":"Microsoft.PowerApps/apps","tags":{"primaryDeviceWidth":"1366","primaryDeviceHeight":"768","supportsPortrait":"true","supportsLandscape":"true","primaryFormFactor":"Tablet","publisherVersion":"3.23061.24","minimumRequiredApiVersion":"2.2.0","hasComponent":"false","hasUnlockedComponent":"false","isUnifiedRootApp":"false","sienaVersion":"20230625T045019Z-3.23061.24.0"},"properties":{"appVersion":"2023-06-25T04:50:19Z","lifeCycleId":"Published","createdByClientVersion":{"major":3,"minor":23061,"build":24,"revision":0,"majorRevision":0,"minorRevision":0},"minClientVersion":{"major":3,"minor":23061,"build":24,"revision":0,"majorRevision":0,"minorRevision":0},"backgroundColor":"RGBA(0,176,240,1)","backgroundImageUri":"/4878479210624546924/N3dcc8f03-e611-452e-9211-ab0d5de1b93d-logoSmallFile","displayName":"Calendar Converter App","description":"","commitMessage":"","appUris":{"documentUri":{"value":"/4878479210624546924/N59d01a60-f1c3-4283-b0e6-6094626203f2-document.msapp"},"imageUris":[],"additionalUris":[]},"createdTime":"0001-01-01T00:00:00Z","lastModifiedTime":"0001-01-01T00:00:00Z","sharedGroupsCount":0,"sharedUsersCount":0,"connectionReferences":{"e1de4f2f-9e25-4f27-b336-59e31f7c878a":{"id":"715ed395-1209-4fcc-ab09-ceb01f1cdc3d","displayName":"Calendar Convertor","iconUri":"https://az787822.vo.msecnd.net/defaulticons/api-dedicated.png","dataSources":["CalendarConvertor"],"dependencies":[],"dependents":[],"parameterHints":{},"parameterHintsV2":{},"isOnPremiseConnection":false,"bypassConsent":false,"dataSets":{},"apiTier":"Standard","isCustomApiConnection":true,"actions":["ConvertDate"]}},"databaseReferences":{},"almMode":"Environment","performanceOptimizationEnabled":true,"canConsumeAppPass":true,"enableModernRuntimeMode":false,"executionRestrictions":{"isTeamsOnly":false,"dataLossPreventionEvaluationResult":{"status":"Compliant","lastEvaluationDate":"2023-06-21T18:54:02.8854959Z","violations":[],"violationsByPolicy":[],"violationErrorMessage":"The app uses the following connectors: shared_calendar-20convertor-5f053521acec3ceaab-5f4ed377eb97397167."}}},"appType":"ClassicCanvasApp","appComponents":[]}}